NAME,sq_km
(Ulu) Teranum,38
Abobo-Gog,2512
Abshar-e-Shirgah,36
Abumonbazi,5745
Acapuri de Cima,199
Acim├ú,406
Actun Tunichil Mucknal,2
Adam Creek Provincial Nature Reserve,1
Aden Lava Flow,119
Afi Mountain,104
Afi River,310
Agalta,738
Agathis,2
Agoi,3
Agram Basti,267
├ügua Preta/Inari,1397
Aguacaliente (Luha),22
Aguacate Lagoon,1
Aguas Turbias,36
Agusan Marsh Wildlife Sanctuary,409
Ah-Shi-Sle-Pah,13
Aiderinskii part of Syunt-Khasardag,65
Akamina-Kishinena Park,108
Akanda,173
Akbuurin,14
Aketajawe Lolobata,1635
Akimiski Island Bird Sanctuary,2062
Akobo,5871
Aksu-Dzhabagly State Nature Reserve,581
Aksuiski,46
Ala-Archa,114
Alag Khairkhan,361
Alamosa,49
Alaska Maritime National Wildlife Refuge,846
Alaungdaw Katthapa National Park,1419
Albany River Provincial Park,926
Alberto D'Agostini,10366
Alborz-e-Markazy,60
Alburquerque-Loay-Loboc Protected Landscape and Seascape,12
Alerce Andino,311
Alihawan-Cansujay Anibongan River Watershed Forest Reserve,37
Allpahuayo  Mishana,581
Almaty State Nature Reserve,689
Almaty State Nature Sanctuary (complex),1482
Altai tavan bogd,2768
Altaisky,9475
Altamachi,4757
Alto Andina de la Chinchilla,3132
Alto Biob├¡o,306
Alto Fragua Indi Wasi,761
Alto Mayo,1818
Alto Orinoco - Casiquiare,36780
Alto Purus,25077
Alto Rio Negro,80038
Alto Rio Purus,2622
Alto Sepatini,261
Alto Tarauac├í,1424
Altos de Campana,9
Altos de Lircay,112
Altun Ha,0
Amacayacu,2624
Amarakaeri,4022
Ambatovaky,875
Ambor├│,5671
Amboseli,387
Amisk Park Reserve,1980
Analamazaotra,27
Andanan Watershed Forest Reserve,172
Andasay State Nature Sanctuary (zoological),8518
Andringitra,462
Angkor,4
Angsi,36
Anjanaharibe_sud,264
Annapurna,7748
Antelope Range,339
Antisana,1203
Aouk-Aoukale,3452
Apache Box,24
Apipica,7
Apolobamba,3669
Apurin├ú do Igarap├® Mucuim,732
Apurin├ú do Igarap├® S├úo Jo├úo,182
Apurin├ú Igarap├® Tauamirim,1005
Apurin├ú Km 124 BR-317,21
Arara do Igarap├® Humait├í,875
Arara do Rio Amonia,208
Arary,407
Araucarias,8906
Arches,354
Archie Carr,0
Arctic National Wildlife Refuge,77186
Area 1 Madre de Dios,511
Area 2 Madre de Dios,37
Area 3 Madre de Dios,39
Area 4 Madre de Dios,19
├ürea de Conservaci├│n El Zapotal,24
├ürea De Prote├º├úo Ambiental De Presidente Figueiredo - Caverna Do Moroaga,94
├ürea De Prote├º├úo Ambiental Margem Direita Do Rio Negro- Setor Paduari-Solim├Áes,4617
├ürea De Prote├º├úo Ambiental Margem Esquerda Do Rio Negro-Setor Aturi├í-Apuauzinho,5664
├ürea De Prote├º├úo Ambiental Margem Esquerda Do Rio Negro-Setor Tarum├ú A├ºu-Tarum├ú Mirima,559
Area de proteccion del Quebracho Colorado,1316
├ürea De Relevante Interesse Ecol├│gica Javari Buriti,132
├ürea De Relevante Interesse Ecol├│gica Projeto Din├ómica Biol├│gica De Fragmentos Florestais,13
Ariramba,104
Arivechi Cerro Las Conchas,532
Arrecife de Puerto Morelos,0
Arrecifes de Cozumel,8
Arrecifes de Sian Ka'an,14
Arrecifes de Xcalak,58
Arusha National Park,111
Asas,30
Ash├íninka,1845
Astore,88
Athabasca Dunes Ecological Reserve,38
Atikaki Provincial Park,19
Atlin/A Teix'Gi Aan Tlein Park,2299
Auca Mahuida,764
Augusta Mountains,358
Avakaba Presidential Park,2636
Ayrag lake,377
Ayubia,135
Bacalar Chico,43
Bad Lands,38
Badingilo,8939
Badkhyz,869
Baganga Protected Landscape,1
Bagh-e-Keshmir,209
Bagiai,150
Bah├¡a de San Antonio,53
Bah├¡a Laura,16
Bahr Salamat,21207
Bahuaja - Sonene,10929
Baixo Rio Negro,104
Baker Canyon,15
Bakiriang,100
Bala'an Ka'ax,1283
Balaio,2570
Balam-Kin,972
Balam-Ku,4083
Baliangao Protected Landscape & Seascape,3
Bamingui-Bangoran,11191
Bamy,184
Banaw├í,1926
Band-i-Amir National Park,606
Bandelier,136
Bang Lang,525
Bangangai,201
Bangassou,7384
Bangkiriang,106
Banteay Chhmar,848
Baralzon Lake Ecological Reserve,393
Barbilla,119
Bardia,611
Bardia - Buffer Zone,216
Baringin Sati,0
Barra del Colorado,812
Barreira da Miss├úo,19
Barro Alto,19
Barton Creek,0
Barumun,401
Bas Ogooue,13637
Basilan Natural Biotic Area,45
Basio,2
Batang Ai National Park,229
Batang Gadis,727
Batang Palupuh,0
Batang Pangean I,269
Batea Mahuida,20
Batu Angus,6
Batu Gajah,0
Batu Ginurit,0
Batu Putih,7
"Batu Talam, Sungai Sia",123
Batu Timbang,3
Bayang-Mbo,654
Bear Butte,1
Bear Butte Lake,6
Bear Lake,74
Bear River Migratory,293
Beauvais Lake Provincial Park,6
Befotaka Midongy,3071
Behind the Rocks,52
Behrang,26
Belete Gera,35
Belize Barrier Reef Reserve System,44
Ben En,1
Benou├®,1666
B├®nou├®,1980
Bent's Old Fort,3
Berbak,1140
Berembun,144
Beriat,120
Bermudian Landing Community Baboon Sanctuary,53
Bernardo O'Higgins,36875
Besh-Aral,780
Beshtash,135
Besul,4
Betania,1226
Betung Kerihun,8173
Bidoyeh,1720
Bidu-Bidu,112
Big Hatchet Mountains,272
Bili-Uere,32791
Billy Barquedier,7
Bilyamin,40
Bintang Hijau,284
Biri Larosa Protected Landscape & Seascape,2
Black Ridge Canyon West,0
Bladen,405
Blue Creek,10
Blue/Dease Rivers Ecological Reserve,10
Boa Vista - AM,1
Boca do Acre,64
Boeng Chhmar Core Area (Ramsar Site),146
Boeng Paer,2448
Bogani Nani Wartabone,2834
Bom Intento,15
Boma,19757
Bonga,1297
Boola,39
Boon Trik - Yod Mon,348
Boquer├│n,55
Bosawas,6804
Bosques Petrificados,150
Botitian,15
Bouba Ndjida,2115
Bouma Lavena,35
Boumba Bek,2364
Bowdoin,63
Brantian-Tatulit,0
Bridger Jack Mesa,2
Brightsand River Provincial Park (Waterway Class),284
Brokeoff Mountains,127
Bruno Racua,633
Bu Gia Map,228
Bubu,22
Budo-Sungai Padi,150
Buenos Aires,476
Buffalo Hills,192
Bukit Baka -  Bukit Raya,2366
Bukit Barisan Selatan,3136
Bukit Batu,216
Bukit Kaba,146
Bukit Kinta,195
Bukit Kuamas,65
Bukit Kutu,19
Bukit Larut,27
Bukit Rimbang Bukit Baling,1178
Bukit Sapat Hawung,1904
Bukit Slim,108
Bukit Taviu,86
Bukit Tinggi,24
Bulki-Melakoza,1228
Bull Gulch,10
Bull Mountain,53
Bumdeling Wildlife Sanctuary,1534
Bumpha Bum Wildife Sanctuary,2929
Bunaken,5
Bundikeki,4
Burdon Canal,20
Burkhan Buudai uul,517
Burko,5
Burning Hills,266
Butler Wash,98
Bwambara,0
Bwindi Impenetrable,5
Bwindi Impenetrable National Park,5
Cabadbaran Watershed,152
Cabeceira do Rio Acre,791
Cabo Blanco,7
Cabo de Hornos,360
Cabo dos Bah├¡as,1
Cacau do Tarauaca,287
Cahal Pech,0
Cahuinari,5586
Cahuita,4
Caiapuc├í,103
Caititu,3097
Cajas,192
Cajuhiri Atravessado,125
Calakmul,7226
Calauit Island Game Preserve and Wildlife Sanctuary,35
Caleta de los Loros,18
Camadeni,1509
Camas,44
Camicua,584
Campinas/Katukina,336
Campo-Ma'an,150
Ca├▒ada Molina,2
Canyonlands,1046
Cape Krusenstern National Monument,2612
Capitol Reef,800
Capivara,104
Caracol,103
Carauta,275
Caribou River Provincial Park,7639
Carlsbad Caverns,188
Carlsbad Caverns National Park,192
Carrasco,6609
Catatumbo Bari,1490
Catipari/Mamoria,1150
Caverna de las Brujas,1
Cavernas del Repech├│n,2
Cayambe Coca,3736
Cayos Miskitos y Franja Costera Inmediata,3296
Cedar Mountains,61
Cedar Ridge,38
Central Amazon Conservation Complex,50971
Central Cebu Protected Landscape,285
Central Karakoram,843
Cerrezuela,0
Cerro Aconcagua,248
Cerro Alamikamba,38
Cerro Bana Cruz,270
Cerro Cabrera - Timane,1211
Cerro Cahu├¡,7
Cerro Caraiguana,3
Cerro Castillo,1431
Cerro Cola Blanca,105
Cerro Gaital,5
Cerro Guacamaya,51
Cerro Las Vueltas,4
Cerro Maya,0
Cerro Saslaya,633
Cerro Silva,2101
Cerro Tamacuari y Serran├¡a Tapirapec├│,1398
Cerro Tapilla,11
Cerro Vinilla y Cerro Aratitiyope,1185
Cerro Wawashang,2003
Chabang Tongkat,20
Chacamarca,25
Chagres,1317
Chalearm Rattanakosin,55
Chambogo,55
Chancani,48
Chandalash,528
Changbaishan,352
Cha├▒y,50
Charlie Cole Creek Ecological Reserve,2
Chassi/Baushdar,477
Chatthin Wildlife Sanctuary,282
Chatyrkul,200
Chebar Besar,14
Chebera Churchura,377
Cheese Box Canyon,60
Chemenbit,117
Chena River State,979
Chepigana,296
Chickens Neck Mountain Ecological Reserve,5
Chilkat,14
Chimborazo,383
China Mountain,41
China Muerta,85
Chior,7
Chiquibul,1666
Chirripo,501
Chitral Gol,149
Chitwan,1204
Chitwan - Buffer Zone,697
Chitwan National Park,1170
Chocolate Hills Natural Monument,140
Chongweni,1
Chu Mom Ray,526
Chu Prong,21
Chukachida Protected Area,196
Chunati,74
Chutes et Rapides sur Ivindo,1029
Chychkan,148
Chyulu Hills,734
Ci├®naga de Zapata,3332
Clan Alpine Mountains,793
Coal Canyon,246
Coata-Laranjal,45
Cockscomb Basin,495
Colo-i-suva forest reserve,5
Colorado,83
Columbia River,599
Complejo Islote Lobos,17
Complejo Lacustre Laguna del Negro Francisco y Laguna Santa Rosa,1
Complexe Anjozorobe Angavo,214
Conger Mountain,61
Conguill├¡o,499
Conkouati-Douli,3930
Continental Divide,300
Copahue Caviahue,288
Copo,1181
Coral Rapids Provincial Park (Nature Reserve Class),0
Corcovado,414
Cordillera Azul,13539
Cordillera de Col├ín,392
Cordillera de los Picachos,2879
Cordillera Huayhuash,205
Cordillera Volcanica Central,51
Corozal Bay,151
Corredor Fronterizo,299
Corridor Ankeniheny Zahamena,2993
Corvalan,49
Costa Atl├íntica Tierra del Fuego,664
Cotapata,613
Cotopaxi,156
Cougar Canyon,43
Cowboy Spring,27
Coyhaique,27
Crater Mountain,1021
Craters of the Moon - National Monument,3048
Crocker Range,1293
Crooked Tree,148
Cross River,3268
Cross River North,167
Cross River South,546
Crowsnest Park,0
Cu├® Cu├®/ Marabitanas,104
Cuenca Alimentadora del Distrito Nacional de Riego 043 Estado de Nayarit,5550
Cuenca Alta del Rio Cali,45
Cuenca Alta del Rio Jirocasaca,4
Cuenca Alta del Rio Mocoa,308
Cuenca Alta del Rio Nembi,25
"Cuenca de los R├¡os Guasare, Socuy y Cachiri",2428
Cuenca del Rio las Ceibas,1
Cuenca del Rio Tuis,41
Cuenca Rio Siquirres,7
Cueva de los Guacharos,24
Cueva del Milod├│n,2
Cuevas de Talgua,1
Cuia,13
Cuiu-Cuiu,364
Cunh├ú-Sapucaia,4709
Cut Munarki Chach,3
Cuyabeno,5905
D. Sicikeh-cikeh,5
Dabaga New,37
Dagoretti,8
Dakrong,385
Dall River Old Growth Park,6
Damani-Guariviara,232
Damavand Gholeh-e-,30
Danau Dusun Besar,6
Danau Matano,232
Danau Pulau Besar-Danau Pulau Bawah,261
Danau Sentarum,1276
Danau Towuti,621
Dang Peaeng,278
Danum Valley,436
Danyor Nallah,158
Dareh Anjir and Neibaz,2205
Darien,612
Dari├®n,5633
Darien National Park,5444
Darosh Gol,20
Dasht-e-Naz,1
Dasht-i-Nawar,375
Daursky,372
de Ampay,39
de Cutervo,82
de Huayllay,68
de Jun├¡n,530
De la Cuenca Hidrografica de los Rios Escalarete y San Cipriano,56
de la Pampa de Ayacucho,3
de Machupicchu,373
de Pagaibamba,21
de San Mat├¡as - San Carlos,1484
De San Vito,0
De Urrao,278
Deep River,272
Defensores del Chaco,7205
Deh Jangisar,4
del Manu,16987
del R├¡o Abiseo,2743
Demaree Canyon,92
Deme-Laha,1000
Denali,3335
Denetiah Corridor Protected Area,74
Denetiah Park,904
Deni,15282
Derema,40
Desatoya Mountains,207
Desert,225
Desert National Wildlife Range,2303
Desolation Canyon,440
Devils Tower,5
Dhorpatan,1192
Diahui,86
Dirty Devil,291
Disaster Peak,122
Dja,6242
Dja Faunal Reserve,5781
Dodangeh,157
Doi Wiang La,463
Dolok Saut,1
Dolok Sibual-buali,50
Dolok Sipirok,72
Dolok Surungan,215
Dolphin Park,0
Dominguez Canyon,268
Domuyo,931
Dong Ampham,1972
Dong Phou Vieng,1857
Dong Yai,312
Donoso,1692
Dornod Mongol,5031
Dos Lagunas,2
Dr. Muhammad Hatta,0
Draunibota and Labiko,0
Dry Valley Rim,383
Duley Lake Provincial Park,7
Dzanga-Ndoki,1251
Dzanga-Sangha,3390
Dzhardy-Kaindin,66
Dzhety-Oguz,287
Eagle Mountain,1
Echo Township Wilderness Area,2
Eduardo Avaroa,6671
Eej khairkhan uul,228
Egg Island Ecological Reserve,0
El Boliche,2
El Cerro Dapa Carisucio,11
El Dorado,1717
El Mangrullo,88
El Mirador,0
El Morado,29
El Nido Managed Resource Protected Area,330
El Pilar,7
El Pollo,1
El Rey,402
El Sira,6169
El Tromen,300
El Tuparro,5549
El Tuparro Nature Reserve,5495
Elk Valley Park,1
Embakasi,6
Embalse Casa de Piedra,89
Enarotali,2804
Endau-Kota Tinggi,376
Endau Rompin (Johor) National Park,484
Epulauquen,309
Er-oiladuzskii and / or Kyzyldzhar,217
Erawan,528
Ergeliin zoo,597
Escudo de Veraguas,0
Esp├¡rito Santo,338
Esta├º├úo Ecol├│gica De Cuni├ú,576
Esta├º├úo Ecol├│gica De Juta├¡-Solim├Áes,2895
Esta├º├úo Ecol├│gica Juami-Japur├í,8315
Esta├º├úo Ecol├│gica Rio Acre,794
Esta├º├úo Ecol├│gica Serra Dos Tr├¬s Irm├úos,890
Estaci├│n Biol├│gica Beni,1348
Estaci├│n Biol├│gica del Beni,1348
Estancias Elsner Esp├¡rir,1001
Estancias San Rafael,449
Estrela da Paz,126
Estuario del Muni,511
├ëvare I,5487
├ëvare II,1727
Fandango,178
Farallones de Cali,1964
Faro,3497
Fawn River Provincial Park,119
Fereidunkenar,0
Fiddler Butte,297
Finca AA,5
Fish Creek Canyon,187
Five Blues Lake,17
Five Springs,198
"Floresta Estadual De Rendimento Sustentado Do Rio Madeira ""B""",410
Floresta Nacional De Anau├í,2400
Floresta Nacional De Balata-Tufari,10800
Floresta Nacional De Macau├ú,1764
Floresta Nacional De Mapi├í-Inauin├¡,3689
Floresta Nacional De Purus,2561
Floresta Nacional De Santa Rosa Do Purus,2316
Floresta Nacional De S├úo Francisco,211
Floresta Nacional De Tef├®,8651
Floresta Nacional Do Amazonas,19230
Florida Mountains,91
Floy Canyon,293
Flume Canyon,198
Formosa,91
Fortaleza do Castanho,28
Fortaleza do Patau├í,8
Fortaleza La Inmaculada Concepci├│n de Mar├¡a,37
Fortuna,207
Fossil Butte,34
Fox Range,306
Francisco Coloane,174
Fremont Gorge,2
Freshwater Creek,134
Futaleuf├║,131
Gabbs Valley Range,327
Gales Point,37
Gambella,4370
Gandoca-Manzanillo,29
Gandoca Manzanillo,27
Gangala-na-Bodio,9536
Garamba,4949
Garamba National Park,5128
Garaperi/Lago da Vitoria,103
Garrick Memorial park,4
Garu,51
Gashaka-Gumti,5548
Gates of the Arctic,12
Gavi├úo,84
Gebre Dima,1545
Gehrait Gol,136
Gelai,30
General de Divisi├│n Omar Torrijos Herrera,259
Gergeda,188
Ghamot,109
Ghorkhod,474
Giam Siak Kecil,783
Gila Box Riparian,64
Gila Cliff Dwellings,3
Glacier Bay National Park & Preserve,3019
Gladys Lake Ecological Reserve,431
Gn. Duasaudara,70
Gobi gurvan saikhan,26936
Gobiin baga /A/,11486
Gobiin baga /B/,6817
Gobiin ikh /A/,45928
Gobiin ikh /B/,17949
Godere,1698
Golden Mountains of Altai,16285
Golden Spike,9
Golden Stream Corridor Preserve,61
Golestan,896
Golestan (Mohammad Reza Shah),875
Golfito,29
Golfo Dulce,606
Golfo San Jos├®,18
Gonja,1
Goshute Canyon,1
Goshute Peak,1
Gra Gra Lagoon,4
Graham-Laurier Park,439
Grand Canyon,15
Grand Canyon National Park,32
Grand Teton,1116
Grands affluents,52168
Grants Works,32
Grass River Provincial Park,13
Grayling River Hot Springs Ecological Reserve,14
Grays Lake,14
Great Basin,312
Great Gobi,54996
Gribingui-Bamingui,4322
Grumeti G.R.,250
Guadalupe Mabugnao Mainit Hot Spring National Park,1
Guadalupe Mountains,366
Guajah├ú,50
Guanabara,104
Guanacaste,0
Guapenu,104
Gulchin,17
Gumai Pasemah,480
Gumbiro,3
Gunong Lumaku,63
Gunung Ambang,176
Gunung Arong,41
Gunung Leuser,8701
Gunung Leuser National Park,8303
Gunung Lokon,8
Gunung Manembo-nembo,62
Gunung Marapi,80
Gunung Mulu National Park,928
Gunung Raya,450
Gunung Sago Malintang,53
Gunung Sahuwai,183
Gunung Sibela,217
"Gunung Siku, Terla, Batu Gangan, Ulu Bertam, Mentigi, Ringlet",13
Gunung Sojol,673
Gura Ferda,448
Guryhowdan,106
Hack Lake,0
Hagerman Fossil Beds,18
Hala Bala,407
Hannah Bay Bird Sanctuary,158
Har Us Nuur National Park,6344
Haraz,155
Hassama Hill,49
Heidary,446
Hewitt Lake,3
Hezarjarib,62
Hi Merim├ú,6768
Himchari,30
Hissar State Nature Reserve,582
Historic Sanctuary of Machu Picchu,373
Hitoy Cerere,100
Hol Chan,26
Honey Camp,31
Horneline Creek Park,3
Hornopir├®n,661
Horse Mountain,20
Horseshoe Canyon (North),8
Horseshoe Canyon (South),161
Hoverrocker,0
Howell Peak,111
Hponkanrazi Wildlife Sanctuary,2803
Htamanthi Wildlife Sanctuary,2139
Huai Kha Khaeng,2815
Huai Sala,363
Huai Thabthan-Had Samran,495
Huancaroma,288
Huaripampa,16
Huascar├ín,1184
Huascar├ín National Park,1184
Huerquehue,120
Hukaung Valley Wildlife  Sanctuary (extension),11301
Hulu Nerus,15
Humedal Caribe Noreste,541
Humedal de Importancia para la Conservaci├│n de Aves Acu├íticas Reserva R├¡o Lagartos,130
Hutan Pinus/ Janthoi,124
Idewa,3
Igarap├®-A├ºu,104
Igarap├® Capana,1293
Igarap├® do Caucho,121
Igarap├® Grande,12
Igarap├® Lage,3
Igarap├® Paiol,104
Igombe River,576
Iguela,795
Ihanga,36
Ihimbo,5
Ijok,3
Ikh nart,253
Ikom,8
Ikona WMA,578
Ikorongo G.R.,639
Ile-Alatau State National Nature Park,1201
Ilha do Camale├úo,2
Ilunde,62
Imbirikani,5
Imbok,1
Inauini/Teuini,4683
Incacasani Altamachi,38
Indian Creek,3
Initao-Libertad Protected Landscape and Seascape,0
Internacional La Amistad,1983
Ipixuna,2153
Isau-isau Pasemah,167
Isiboro Secur├®,12564
Iskut River Hot Springs Park,0
Isla de la Corota,0
Isla de los Estados y Archipi├®lago de A├▒o Nuevo,396
Isla Magdalena,2005
Isla Pinguinos,1
Islamabad,47
Issyk-Kul,6312
Isyk-Kul State Reserve with the Lake Isyk-Kul,6153
Itaitinga,1
Itombwe,6033
Ivindo,2969
Ivohibe,141
Ivvavik National Park Of Canada,9363
Jahannama,306
Jamamadi do Lourdes,103
Jaminaua/Envira,806
Jaminawa Arara do Rio Bag├®,289
Jaminaw├í da Coloca├º├úo S├úo Paulino,10
Jaminawa do Guajar├í,103
Jaminawa do Igarap├® Preto,257
Jaminawa do Rio Caet├®,103
Jaquiri,19
Jaragua,712
Jarawara/Jamamadi/Kanamati,3890
Jasb,141
Jatuarana,51
Jauary,104
Jedok,2
Jengai,4
Jengka,123
Jerangau,5
Jerantut,24
Jigme Dorji National Park,4374
Jigme Khesar Strict Nature Reserve,784
Jigme Singye Wangchuck National Park,1730
Jimi (Ruti) Valley,42
Job Peak,362
Jog Lake Conservation Reserve,484
Jomotshangkha Wildlife Sanctuary,362
Jose Rizal Memorial Protected Landscape,5
Juba,51
Juma,385
K2,1678
Kaa-iya del Gran Chaco,33597
Kabah,0
Kabungu,2
Kaengkrachan Forest Complex,3031
Kaga Bandoro,143
Kagwene,19
Kahe I,6
Kahe II,3
Kahilu Wildlife Sanctuary,150
Kahuzi-Biega,6731
Kahuzi-Biega National Park,6567
Kala Chitta,363
Kalambatrika,524
Kalangai,24
Kalinzu,141
Kalmand,2425
Kamatan,3
Kamiali,132
Kampa do Igarap├® Primavera,220
Kampa do Rio Amonea,863
Kampa e Isolados do Rio Envira,2329
Kamwalla I,1
Kamwalla II,3
Kanamari do Rio Juru├í,6017
Kanchanjunga,2037
Kaniabizo,0
Kankoma,1
Kanuku Mountains Protected Area,0
Kanuti,5327
Kanyampara,1
Kaptai,57
Kara-Shoro,33
Kara-Teckinskaya - Serax,500
Karakol,163
Karatal-Zhapyrk NR,48
Kargah,238
Karipuna,0
Kasyoha - Kitomi,158
Katalalixar,4815
Katavi National Park,4207
Kathar,11
Katukina/Kaxinaw├í,232
Katundu,46
Katunsky,1528
Kavir,6913
Kawag Gibong,7
Kawich,277
Kaxarari,1427
Kaxinaw├í Ashaninka do Rio Breu,312
Kaxinaw├í Col├┤nia Vinte e Sete,1
Kaxinaw├í da Praia do Carapan├ú,606
Kaxinaw├í do Baixo Rio Jord├úo,87
Kaxinaw├í do Rio Humait├í,1288
Kaxinaw├í do Rio Jord├úo,894
Kaxinaw├í Nova Olinda,258
Kaxinaw├í Seringal Curralinho,103
Kayan Mentarang,12723
Kazinga,16
Kaziranga National Park,3
Kemasul,9
Kenneth Lee,2374
Kerinci Seblat,13563
Kerumutan,947
Kesagami Provincial Park,520
Keti Bunder North,89
Keti Bunder South,798
Khan khukhii - Khyargas nuur,3470
Khao Angruenai,807
Khao Khitchakut,31
Khao Laem,1487
Khao Nam Khang,202
Khao Phravihan,135
Khao Soi Dao,668
Khao Yai,2178
Khaptad,208
Khar us nuur,6485
Khar yamaat,82
Khiboos and Anjilsee,35
Khingano-Arkharinskaya Lowland,2143
Khlong Kruewai Chalearm Phrakiat,266
Khlong Lamngu,710
Khlong Lan,356
Khlong Wang Chao,678
Khoridol-Saridag,2229
Khoshyeylagh,1550
Khuen Si Nakarin,1847
Khunjerab,1199
Khuvsgul nuur,1848
Kibale,327
Kibwezi,23
Kichi Hills,145
Kidepo,2
Kigezi,265
Kihihi,0
Kileo East,2
Kilik/Mintaka,503
Kilimanjaro National Park,1848
Kilindi,54
Kinabalu Park,813
Kinaskan Lake Park,19
Kindoroko,6
King Top,376
Kipembawe,30
Kipo,3
Kiranga Hengae,5
Kiranzi Kitunguu,12
Kisangi,51
Kisimba Ikobo,970
Kisinga Lugaro,78
Kisiwani,1
Kitonbeine,65
Kiutu,0
Kiverenge,19
Kiwengoma,36
Kizigo G.R. (C),5071
Klang Gate,2
Kledang Saiong,7
Kligna,42
Kluane / Wrangell-St Elias / Glacier Bay / Tatshenshini-Alsek,64204
Kluane National Park Reserve Of Canada,20966
Kluang,97
Kobuk Valley,6943
Kochkor,21
Kogashik State Nature Sanctuary (botanical),165
Koh Kapi,53
Koko Hill,1
Kol-i-Hashmat Khan,2
Kopetdag,508
Kopka River Provincial Park (Waterway Class),285
Korbu,278
Koroyanitu Heritage Park,24
Korup,1260
Koukourou-Bamingui,1131
Koyukuk,3261
Krau,603
Krooman,0
Kuh-e-Birk,944
Kuiburi,866
Kulen Promtep,4099
Kulina do Medio Jurua,7271
Kulina do Rio Envira,819
Kulina do Rio Uer├¬ - Matatibem,104
Kulina Igarap├® do Pau,456
Kuludzhun State Nature Sanctuary (zoological),21
Kumaru do Lago Ual├í,799
Kundelungu,38
Kurmin Danki,11
Kuugaayuk Bird Sanctuary,180
Kwadacha Wilderness Park,1303
Kwizu,30
Kyambura,109
Kyamuhunga,0
Kyantuhe,2
Kyauk Pan Taung Wildlife Sanctuary,129
Kyrgyz-Ata NP,127
La Democracia,1
La ENEA,1
La Humada,61
La Michil├¡a,94
La Paya,4399
La Payunia,6829
La Yeguada,70
Labi Hills (Bukit Batu Patam Protection),9
Labi Hills (Bukit Ulu Tutong Protection),4
Labi Hills (Sungai Ingei Conservation),185
Labis,195
Lac T├®l├®,4511
Lac T├®l├®/Likouala-aux-Herbes,4527
Lacustrino Bonilla Bonillita,0
Lacustrino Laguna del Paraguas,0
Ladan Hills (Bukit Bedwan Protection),10
Lago Aiapua,239
Lago Baggilt,18
Lago Capan├ú,63
Lago Carlota,270
Lago do Barrigudo,104
Lago do Beruri,43
Lago do Lim├úo,104
Lago do Marinheiro,36
Lago Epuy├®n,189
Lago Jauari,120
Lago Las Torres,163
Lago Palena,467
Lago Puelo,276
Lago Rosselot,125
Laguna Aleusco,10
Laguna Blanca,112
Laguna de Karataska,899
Laguna de Los Cisnes,17
Laguna de los Pozuelos - Zona de amortiguamiento,1401
Laguna de Manat├¡,1
Laguna de Volc├ín,1
Laguna del Diamante,1979
Laguna del Laja,160
Laguna del Tigre,2223
Laguna del Tigre -R├¡o Escondido-,3
Laguna Ik,288
Laguna La Cocha Cerro Patascoy,498
Laguna Parrillar,222
Laguna Perdida,1
Laguna San Rafael,35954
"Lagunas de Guanacache, Desaguadero y del Bebedero",1490
Lake Bolon & the mouths of the Selgon & Simmi Rivers,1278
Lake Butig National Park,0
Lake Danao Natural Park,22
Lake Dapao National Park,10
Lake Duluti,1
Lake George,511
Lake Khanka,15
Lake Kutubu,235
Lake Manyara National Park,108
"Lake Udyl & the mouths of the Bichi, Bitki & Pilda Rivers",715
Lakum,40
Lamanai,3
Lameir├úo,104
Lampoko Mampie,40
Landusa Tomata,40
Langtang,1659
Lan├¡n,4115
Lanjak Entimau,1513
Lansaang,105
Lantoto,1547
Lar,15
Las Guaitecas,7671
Las Hermosas,1247
Las Orquideas,287
Las Tablas,200
Las Vegas,35
Las Vicu├▒as,2079
Lauca,3586
Lauro Sodr├®,95
Lawachara,12
Lee Metcalf,6
Lembah Anai,3
Lembah Harau,44
Lentang,300
Lepsi State Nature Sanctuary (zoological),3155
Liang Balik,0
Liard River Corridor Park,812
Liard River Corridor Protected Area,48
Liard River Hot Springs Park,11
Liard River West Corridor Park,30
Libenga,264
Libungan Watershed Forest Reserve,526
Ligamba,0
Lihir Island,164
Lihu├® Calel,108
Limbaika,49
Limoncito,11
Limoncocha,37
Lingga Isaq,863
Liparamba G.R,604
Lipaso,35
Little Abitibi Provincial Park (Natural Environment Class),24
Little Current River Provincial Park,97
Little Rockies,165
Livingstone Point Provincial Park (Nature Reserve Class),18
Lkhachinvandad uul,577
Llanganates,2196
Llanos de Karawala,43
Llanquihue,282
Llica,749
Llullaillaco,2681
Loango,1302
Lob├®k├®,2155
Loboc Watershed Forest Reserve,89
Lohombero/Luwengu,400
Loitokitok,28
Loktak Lake,271
Loliondo I,38
Lolkisale GCA,1079
Lonesome Ridge,14
Longido,21
Lookout Butte,268
Lop├®,4945
Lore Lindu,2154
Lorentz,19623
Lorentz National Park,18876
Los Alerces,2599
Los Andes,12128
Los Arrayanes,18
Los Bellotos del Melado,4
Los Flamencos,738
Los Glaciares,7266
Los Glaciares National Park,7195
Los Huemules de Niblinto,70
Los Ilinizas,41
Los Katios,780
Los Kat├¡os National Park,809
Los L├¡pez,193
Los Nevados,614
Los Palmares,142
Los Pozos de Calobre,4
Los Quetzales,27
Los Santos,128
Lost Spring Canyon,7
Louis-Babel Ecological Reserve,234
Loveh,36
Lubantun,0
Lugufu,10
Lukwati,1957
Lukwika-Lumesule G.R.,403
Lumo,34
Lumphat,2229
Lunda Nkwambi GCA,735
Lungonya,1968
Luo Scientific Reserve,480
Lupa North,20
Maasi,0
Mabini Protected Landscape and Seascape,1
Macarr├úo,435
MacArthur Landing National Park (Imelda Park),0
Machaca Creek,13
Machiara,87
Machiguenga,2189
Macleod Provincial Park (Recreational Class),1
Madidi,18755
Mae Moei,190
Mae Nam Phachi,494
Mae Ngao,447
Mae Ping,106
Mae Tuen,1012
Mae Wong,891
Mae Yom Phang Khwa,292
Mafi Hill,14
Magallanes,212
Maganda,0
Mago,1867
Magombera,7
Mahagnao Volcano Natural Park,3
Mahenge Scarp,7
Mahugunao Watershed Forest Reserve,1
Maika-Penge,8
Maiko,10968
Mainit Hotspring Protected Landscape,14
Maj├®,187
Makalu-Barun,1388
Makalu-Barun - Buffer Zone,780
Makantaka,25
Makhnial,41
Makira,6683
Malagarasi-Muyovozi Wetlands,33243
Malagos Watershed Reservation,2
Malalcahuello,136
Malampah Alahan Panjang,392
Malampaya Sound Protected Landscape,964
Malehi,394
Malheur,140
Maliau Basin,583
Maligan,91
Mallasa,2
Malleco,144
Malubuk,2
Mamboto,392
Mamirau├í,11474
Mamoadate,3129
Mamori├í,103
Mananara Nord,300
Manas Wildlife Sanctuary,188
Manaslu,1646
Manass,417
Manatee,364
Manchineri do Seringal Guanabara,102
Mancos Mesa,206
Manglares Cayapas Mataje,228
Manglares de Nichupt├®,37
Manglot,7
Mango Creek 1,56
Mangolo,39
Maninjau,219
Manongarivo,644
Manovo-Gounda-Saint Floris,18970
Manovo-Gounda St Floris National Park,18750
Manshi,23
Mantadia,330
Man├║ National Park,16944
Manuripi,7468
Manusela,1743
Manzano Historico,9
Mapari,1574
Maquenque,517
Mara├ú Urubaxi,943
Marait├í,531
Marajai,10
Margalla Hills,99
Marho Kotri,579
Markakol State Nature Reserve,742
Marotandrano,10
Masagati,17
Masbait,68
Masoala,2818
Maswa G.R. (N),752
Mataa,1
Matamec Ecological Reserve,62
Mati Protected Landscape,9
Matintin,218
Matogoro East,81
Matogoro West,11
Mawetek,1155
Maxwell,11
Maya,10061
Maya Mountain,168
Mayflower Bocawina,29
Maynard Lake Provincial Park (Nature Reserve Class),0
Mayumba,14
Mbam et Djerem,4279
Mbarizunga,178
Mbe Mountains,86
Mbinga Kimaji / Kimate,19
Mbogwe Bukombe,11
Mburamaizi,3
Mbwegere,5
Mc Adams,21
McConnell River,67
McKittrick Canyon,1
Meana-Chaacha,840
Medanos del Chaco,6053
M├®dio Rio Negro I,17768
M├®dio Rio Negro II,3157
Mega Mendung,1
Megantoni,2156
Memberamo Foja,17631
Menefee Mountain,30
Mengame,153
Mentigi,8
Meria,6
Merisuli,1
Mersing,11
Mesa Verde,23
Meseta de Somuncur├í,16158
Mgahinga Gorilla,4
Mhulu,8
Miandasht,802
Miankaleh,24
"Miankaleh Peninsula, Gorgan Bay and Lapoo-Zaghmarz Ab-bandan",153
Miguel/Josefa,16
Mikumi National Park,1221
Milian-Labau,28
Mill Creek Canyon,43
Mimbilisan Protected Landscape,1
Minidoka,12
Minja,5
Minkebe,7539
Minnitaki Kames Provincial Park (Nature Reserve Class),45
Mirador - R├¡o Azul,1192
Miratu,139
Mirpur Sakro,7
Missinaibi Provincial Park (Waterway Class),227
Mizan-Teferi,3146
Mkomazi National Park,440
Mkongo,6
Mkuli Exten.,15
Mlele GCA,3545
Mocho - Choshuenco,77
Moji,118
Mojirau,53
Monduli,87
Mongol Daguur (Mongolian Dauria),620
Mongol daguur /A/,470
Mongol daguur /B/,1017
Monkey Bay,7
Monkey Bay Wildlife Sanctuary,5
Monta├▒as Mayas Chiquibul,611
Monte Al├®n,1938
Monte de las Barrancas,77
Monte Mar├¡a,5
Montezuma Castle,4
Monts Birougou,684
Monts de Cristal,1191
Monts Doudou,2636
Monumento Nacional Guayabo,2
Moose River Migratory Bird Sanctuary,16
Morey Peak,79
Morowali,1855
Morrissey Park,0
Mositi Vanuaso-Lamiti-Malawai/Lekanai/Nacavanadi/Naovuka/Vanuaso,4
Moturiki-Daku/Niubasaga/Uluibau,1
Moukalaba,216
Moukalaba-Doudou,4455
Moukalaba-Dougoua,1071
Mount Edziza Park,2658
Mount Fernie Park,3
Mountain Pine Ridge,433
Moyowosi G.R (N),10160
Mpanda Line,4384
Mpembampazi,1343
Mpunze,20
Mramba,32
Msanjesi GR/Kipitimbi/Lionja FR,406
Mselezi,4
Msima GCA,4318
Mt Gahavisuka,2
Mt Kaindi,9
Mt Susu,1
Mt Wilhelm,8
Mt. Apo Natural Park,158
Mt. Dajo National Park,2
Mt. Hillers,78
Mt. Kalatungan Range Natural Park,222
Mt. Kitanglad Range Natural Park,311
Mt. Malindang Natural Park,352
Mt. Pennell,312
Mtanza,37
Mtarure,581
Muddy Creek,357
Mufindi Scarp,129
Mufindi Tea Estate Land,356
Muhesi G.R (W),4484
Muhuwesi,1747
Muipa,1428
Mulayit Wildlife Sanctuary,241
Mule Canyon,25
Mulele Hills,856
Munchique,470
Muncho Lake Park,862
Muong Sai,220
Muratuba,104
Murule,2497
Murutinga,104
Mwagn├®,1163
Myoe,1
Naacht├║n - Dos Lagunas,303
Nacional Cariari,0
Nadarivatu/Nadala Forest Reser,62
Nagagamisis Provincial Park (Natural Environment Class),64
Nahanni National Park,4853
Nahanni National Park Reserve Of Canada,30062
Nahuel Huapi,7163
Nairobi,126
Nakina Moraine Provincial Park (Natural Environment Class),53
Nalcas,203
Naltar,211
Nam Kading,1621
Nam Xam,691
Namakutwa/Namade,47
Namanga Hill,106
Nambinga,16
Namtok Huai Yang,148
Namtok Klong Kaew,197
Namtok Phacharoen,974
Namtok Sai Khao,111
Namtok Sipo,116
Nanda Devi and Valley of Flowers National Parks,736
Nandembo,42
Nant y Fall (Arroyo Las Ca├¡das),6
Nantu,519
Naqarabuluti,2
Nargan├í,821
Naryn,207
Naryn NR,294
Natal/Felicidade,3
Natmataung National Park,1242
Natural Bridges,31
Nau├í,103
Navajo,1
Naybandan,15382
Nazbar Nallah,414
Ndechela,69
Ndrolowa (I),60
Negro Bill Canyon,31
Neiru (Aird Hills),25
Nevado del Huila,1638
Nevado Tres Cruces,1
Ngai Ndethia,80
Ngarambe-Tapika WMA,833
Ngarusambu,0
Ngoc Linh (Kon Tum),423
Ngoc Linh (Quang Nam),33
Ngogwa,37
Ngong Hills,32
Ngong Road,11
Ngorongoro Conservation Area,8271
Ngove-Ndogo,2597
Nguru North,140
Nim Li Punit,0
Nisutlin River Delta National Wildlife Area,55
Nizampur,7
Nizhne-Turgusun State Nature Sanctuary (botanical),188
Nki,3132
Noatak,26476
Nojkaaxmeen Eligio Panti,52
Nor Yauyos - Cochas,841
Norange,0
North Maramagambo,295
Northern Rocky Mountains Park,6664
Northern Rocky Mountains Protected Area,8
Notch Peak,232
Nou,34
Nouabal├®-Ndoki,4089
Nova Esperan├ºa do Rio Jandiatuba,199
Nove de Janeiro,2294
Nowitna,7691
Ntokou-Pikounda,4254
├æuble,741
Nueva Juventud,0
Nukak,1282
Nukini,320
Numaykoos Lake Provincial Park,3605
Numrug,5715
Nuristan,5734
Nyabirongo,0
Nyaburongo,2
Nyaganje,160
Nyahua Mbuga,6571
Nyakikindo,0
Nyantakara,210
Nyera/Kiperere,1065
Nyonga,5801
Oban Group,1745
Odzala Kokoua,13543
Ojibway Provincial Park (Natural Environment Class),26
Okapis,13940
Okapis Wildlife Reserve,13940
Olaroz Cauchar├¡,2093
Old Crow Flats,316
Old Fort Albany Wilderness Area,0
Ololua,6
Om Koi,1116
Omo,3886
Omo West,4313
Opasquia Provincial Park,4653
Organ Pipe Cactus,493
Otishi,3060
Otoch Ma'ax Yetel Kooh,54
Otoskwin-Attawapiskat River Provincial Park,797
Otun Quimbaya,5
Otuquis,3851
Ouandjia-Vakaga,7234
Ouanga Plain,65
Outpost Wetlands Natural Area,1
Owyhee Canyon,87
Pablakhali,657
Pacaas Novas,2813
Pacaya - Samiria,21718
Pacaya Samiria,21718
Padre,8
Pagar Gunung I/II/III,0
Pakora,143
"Palawan Flora, Fauna and Watershed Forest Reserve (Parcel 1)",48
"Palawan Flora, Fauna and Watershed Forest Reserve (Parcel 2)",32
Palawan Game Refuge and Bird Sanctuary (Proc 219),9862
PalIsade Mesa,400
Palo Seco,2521
Palompon Watershed Forest Reserve,56
Pampa Hermosa,116
Pang Sida,853
Pangi Binangga,44
Panom Dong Rak,335
Pantagruel Creek Provincial Park (Nature Reserve Class),12
Pantuwaraya Lake National Park,0
Panua,354
Paracuhuba,9
Paramillo,5012
Parana do Boa Boa,2445
Parana do Paric├í,80
Parc national d'Odzala,13694
Parc national des Volcans,12
Par├¡ma - Tapirapeco,9316
Parit Gol/Ghinar Gol,141
Park Range,198
Parque Estadual Chandless,6931
Parque Estadual De Guajar├í-Mirim,2004
Parque Estadual Rio Negro Setor Norte,1481
Parque Estadual Rio Negro Setor Sul,780
Parque Estadual Serra Do Arac├í,18538
Parque Estadual Suma├║ma,1
Parque Nacional Da Serra Da Cutia,2835
Parque Nacional Da Serra Do Divisor,8376
Parque Nacional De Anavilhanas,3502
Parque Nacional De Paca├ís Novos,6997
Parque Nacional Do Ja├║,23673
Parque Nacional Do Pico Da Neblina,22524
Parque Nacional Laguna Blanca,112
Parque Nacional Laguna del Tigre,1
Parque Nacional Pil├│n-Lajas,4008
Parque Nacional Serra Da Mocidade,50
Parsa,557
Pasoh,1
Pasonanca Natural Park,121
Patau├í,6
Patuca,3756
Paumari do Cuniua,428
Paumari do Lago Manissu├ú,230
Paumari do Lago Marah├ú,1187
Paumari do Lago Paric├í,158
Paumari do Rio Ituxi,76
Paynes Creek,92
Peace-Athabasca Delta,4395
Peam Krasaob,171
Peccary Hills,43
Pech Monta├▒a El Carb├│n,340
Pedu,125
Pegunungan Arfak,138
Pegunungan Fakfak,200
Pegunungan Faruhumpenai,908
Pegunungan Jayawijaya,7845
Pegunungan Kumawa,1206
Pegunungan Tamrau Selatan,4341
Pegunungan Wayland,1373
Pejeperro,13
Pelagat,8
Pelangai,20
Peneri/Tacaquiri,1898
Pen├¡nsula de Magallanes,455
Pen├¡nsula de Vald├®s,3642
Pen├¡nsula de Zapata,3365
Pen├¡nsula San Juli├ín,64
Pen├¡nsula Vald├®s,3639
Perij├í,2897
Perito Moreno,1273
Petaca Pinta,47
Petit Loango,1304
Phipsoo Wildlife Sanctuary,287
Phnom Aoral,2432
Phnom Namlier,78
Phnom Prech,2190
Phnom Somkos,3141
Phong Dien,405
Phong Nha-Ke Bang,1210
Phou Hin Poun,2192
Phou Xang He,877
Phrumsengla National Park,906
Phu Chong - Na Yoi,689
Phu Toei,82
Piah,165
Pichi Mahuida,79
Pidaung Wildlife Sanctuary,122
Piedra de Cocuy,11
Piedras Blancas,140
Pigeon Spring,15
Pil├│n Lajas,4080
Pinatuba,296
Pinjan/Tanjung Matop,18
Pink Mountain Park,1
Pipestone River Provincial Park,966
Pirah├ú,3470
Pirung Eight Islands,6
Pitman River Protected Area,164
Plateaux Bat├®k├®,2035
Playa Nendyi,1
Podocarpus,1263
Pokili,121
Polar Bear Provincial Park,23141
Pole Creek,53
Pole Creek Exclosure,0
Police Outpost Provincial Park,2
Ponciano,104
Pongara,787
Poodle Mountain,573
Port Honduras,3
Portage Brule Rapids Ecological Reserve,7
Portage Brule Rapids Protected Area,4
Porto Limoeiro,50
Porto Praia,48
Porto Reden├º├úo,104
Poyanawa,245
"Preah Jayavaraman-Norodom ""Phnom Kulen""",374
"Preah Monivong ""Bokor""",1404
Preah Vihear,33
Prek Toal Core Area (Ramsar Site),213
Prophet River Hot Springs Park,2
Proposed baie de Boatswain Biodiversity Reserve,105
Proposed basses collines du lac Guernes├® Biodiversity Reserve,415
Proposed collines de Muskuchii Biodiversity Reserve,801
Proposed lac Gensart Biodiversity Reserve,481
Proposed lac Pasteur Biodiversity Reserve,583
Proposed massif des lacs Belmont et Magpie Biodiversity Reserve,1593
Proposed Matamec (partie nord) Ecological Reserve,534
Proposed monts Groulx Biodiversity Reserve,210
Proposed Paul-Provencher Ecological Reserve,53
Proposed p├®ninsule de Ministikawatin Biodiversity Reserve,867
Proposed plaine de la Missisicabi Biodiversity Reserve,761
Proposed rivi├¿re Harricana Nord Aquatic Reserve,215
Proposed rivi├¿re Moisie Aquatic Reserve,3940
Proposed vall├®e de la rivi├¿re Natashquan Biodiversity Reserve,3728
Prosperidade,56
Pu Hoat,352
Pu Hu,170
Pu Mat,971
Pucacuro,6384
Puerto Princesa Subterranean River National Park,213
Pui Pui,600
Puinawai,7127
Pujada Bay Protected Landscape & Seascape,16
Pulau Laut,1129
Pulau Marsegu,73
Pulau Misool,1074
Pulau Obi,161
Pulihatum,211
Pulong Tau National Park,665
Pumula,12
Punta Gorda,637
Punta Le├│n,1
Punta Llende,82
Punta Loma,17
Punta Pati├▒o,313
Punta Rio Claro,1
Punta Tombo,1
Purace,918
Purus,2019
Puyehue,1153
Qazi Nag,47
Quebrada Guadualito y El Negrito,5
Quebrada La Nona,6
Quebradas El Penon y San Juan,6
Queen Elizabeth,1867
Queen Elizabeth National Park,2241
Queer Mountain,115
Queulat,1586
Quirimbas,5744
Rafflesia,6
Raflessia I/II Serbojadi,3
Rainbow Bridge,1
Rajah Sikatuna Protected Landscape,110
Rajo Lelo (Pungguk Menakat),12
Rakhine Yoma Elephant Range,1701
Ralco,129
Ranba,515
Ranomafana,101
Rapides de Mboungou Badouma et de Doume,539
Rara,107
Rau,15
Ravilevu,46
Rawa Singkil,815
Rawhide Mountain,258
Recreio/S├úo F├®lix,2
Red Rock Lakes,50
Red Spring,31
Redfern-Keily Park,808
Refugio Estatal de Flora y Fauna Sistema Lagunar Chacmochuch,1
Regi├│n de Calakmul,13723
Regi├│n Lago de Maracaibo (Sierra de Perij├í) (Pol├¡gonos 1 y 2),1343
Rema Kalenga,62
Reserva Biol├│gica Do Abufari,2239
Reserva Biol├│gica Limoncocha,28
Reserva Biol├│gica Morro Dos Seis Lagos,383
Reserva Biol├│gica Rio Ouro Preto,591
Reserva Biol├│gica Tra├ºadal,241
Reserva Costa Atlantica de Tierra del Fuego,674
Reserva de Biosfera Bosawas,14403
Reserva De Desenvolvimento Sustent├ível Aman├ú,23035
Reserva De Desenvolvimento Sustent├ível Cujubim,24219
Reserva De Desenvolvimento Sustent├ível Mamirau├í,13199
Reserva De Desenvolvimento Sustent├ível Piaga├ºu Purus,8009
Reserva De Desenvolvimento Sustent├ível Rio Amap├í,2143
Reserva De Desenvolvimento Sustent├ível Uacar├¡,6203
Reserva de la Bi├│sfera de La Amistad,2178
Reserva Ecol├│gica El Eden,19
Reserva Extrativista  Do Rio Caut├írio,751
Reserva Extrativista Alto Juru├í,5380
Reserva Extrativista Alto Tarauac├í,1541
Reserva Extrativista Arapixi,1337
Reserva Extrativista Auat├¡-Paran├í,1469
Reserva Extrativista Baixo Juru├í,1780
Reserva Extrativista Barreiro Das Antas,1061
Reserva Extrativista Catu├í-Ipixuna,2123
Reserva Extrativista Chico Mendes,8748
Reserva Extrativista Do Cazumb├í-Iracema,7456
Reserva Extrativista Do Lago Do Capan├ú Grande,3043
Reserva Extrativista Do Rio Juta├¡,2755
Reserva Extrativista Do Rio Unini,8497
Reserva Extrativista Lago Do Cuni├ú,84
Reserva Extrativista M├®dio Juru├í,2870
Reserva Extrativista Rio Caut├írio,1392
Reserva Extrativista Rio Ouro Preto,1893
Reserva Extrativista Rio Paca├ís Novos,3462
Reserva Extrativista Riozinho Da Liberdade,3249
Reserva Nacional de Jun├¡n,526
Reserva Provincial Laguna de Llancanelo,422
R├¡a Azul - Lago Escondido,766
R├¡a de Puerto Deseado,65
R├¡a Lagartos,130
Riacho Teuquito,897
Richardson Lake Bird Sanctuary,108
Rimbo Panti,32
R├¡o Abiseo National Park,2722
Rio Apaporis,1070
R├¡o Aricuais├í,2
Rio Banano,92
Rio Bi├í,11856
Rio Blanco,0
R├¡o Blanco,52
Rio Blanco y Quebrada Olivares,50
Rio Bravo Conservation & Management Area,1048
Rio Campo,329
Rio Chama,45
R├¡o Clarillo,131
Rio Cuieras,104
Rio Greg├│rio,929
Rio Guabas,160
Rio Guapor├®,1160
R├¡o Indio Ma├¡z,3146
Rio Jumas,95
R├¡o Kruta,598
Rio Leon,113
Rio Limay,170
R├¡o Los Cipreses,387
Rio Macho,218
Rio Manicor├®,193
Rio Navarro-Rio Sombrero,3
Rio Negro,951
Rio Negro Ocaia,1050
Rio Pacuare,132
R├¡o Pl├ítano,7971
R├¡o Pl├ítano Biosphere Reserve,4904
Rio Pure,9873
Rio San Francisco,29
R├¡o San Juan,434
R├¡o Simpsom,407
Rio T├®a,4111
R├¡o Turbio,749
Riozinho,104
Riozinho do Alto Envira,2608
Road Canyon,212
Roberts Mountain,61
Ross,1
"Rotan Tunggal, Kelau",29
Rough Hills,26
Royal Manas National Park,1057
Ruaha National Park,14358
Ruby Lake,162
Rukwa,2187
Rumpi Hills,451
Runaway Creek,29
Rungkunan National Park,10
Rungo,223
Rungwa River G.C.A.,3321
Runn of Kutch,7263
Runzewe,280
Rupiage,24
Rus Rus,1162
Rushaya,0
Rutshuru,527
Rwengiri,2
Rwenzori Mountains,760
Rwenzori Mountains National Park,760
Sabinoso,89
Sacred Mountain National Park,1
Sadeth Naikrom  - Krom Luang Chumporn (North),519
Sadeth Naikrom  - Krom Luang Chumporn (South),22
Sagarana,182
Sagarmatha,1132
Sagarmatha National Park,1140
Sahamalaza Iles Radama,424
Sai Yok,948
Sajama,872
S├úko├ú/Santa Vit├│ria,103
Sakteng Wildlife Sanctuary,742
Salak Phra,812
Salar de Surire,163
Salar de Tara,60
Salar del Huasco,44
Salawin,742
Salikata National Park,7
Salkhala,8
Salonga National Park,35073
Salook,98
Salouk,129
Salto Grande,1
Sambasha,0
Samlout,610
San Miguel La Palotada - El Zotz,354
San Rom├ín,851
San San-Pond Sak,119
San San Pond Sak,138
Sangay,4611
Sangay National Park,2510
Sankey Township Nature Reserve Wilderness Area,0
Sankuru,2332
Sanquianga,354
Santa Cruz de Nova Alian├ºa,60
Santa Fe,782
Santa Rita,0
Santiago - Comaina,3980
Santuario de la Tortuga Marina  Xcacel - Xcacelito,0
"Santuario del Manat├¡, Bah├¡a de Chetumal",1417
S├úo Domingos do Jacapari e Esta├º├úo,1348
S├úo Francisco,104
S├úo Francisco do Canimari,33
S├úo Gabriel/S├úo Salvador,104
Sao Hill,16
Sao La,105
S├úo Leopoldo,724
S├úo Pedro,6
S├úo Pedro do Sepatini,276
S├úo Sebasti├úo,602
Sapotal,13
Sarany,162
Sarigol,307
Sarikhosor natural park,55
Sary-Chelek,213
Sary-Chelekskiy,213
Sarychat-Ertash NR,625
Sasawara,418
Sawaieke district-Vadravadra/Somosomo/Sawaieke/Nukuloa,31
Scatter River Old Growth Park,12
Scorpion,151
Sedgman Lake Provincial Park (Nature Reserve Class),58
Selawik,10929
Sele Anderacha,2789
Selous G.R,40500
Selous Game Reserve,44629
Sembilang,1737
Semeskandeh,10
Semidang Bukit Kabu,92
Semuliki,84
Senaling Inas,4
Sepagaya,10
Sepoti,2514
Serengeti National Park,10294
Seri,85
Serrania de Chiribiquete,42132
Serran├¡a de Dari├®n,120
Serran├¡a del Bagre,432
Serran├¡a La Neblina,12000
Seruini/Mariene,1449
Setem├ú,308
Sette-Cama,2024
Sett├® Cama,1746
Severn River Provincial Park,798
Sevilleta,250
Sextant Rapids Provincial Park (Nature Reserve Class),0
Shako,1008
Shambe,1749
Shandur-Hundrup,764
"Sharga, Mankhan",3088
Sher Qillah,134
Sheshroudbar,79
Shey-Phoksundo,3599
Shipstern Nature Reserve,77
Shirahmad,259
Shwesettaw Wildlife Sanctuary,397
Sian Ka'an,3707
Siargao Island Protected Landscape and Seascape,634
Siberut,1772
Sibolangit,1
Sibu-Tole-Kobo,794
Sibun,390
Sierra de Bahoruco,1091
Sierra de la Macarena,6109
Sierra de las Quijadas,564
Sierra de ├ôrganos,10
Sierra de R├¡o Tinto,881
Sierra Ladrones,194
Sierra Nevada de Santa Marta,4014
Sierra Untur├ín,1887
Siilkhemiin nuruu /B/,267
Sijaba Hutaginjang,4
Sikanni Chief Falls Protected Area,8
Sikanni Chief River Ecological Reserve,22
Sikhote-Alin,13946
Silver Peak Range,140
Simpson Park,200
Singgalang Tandikat,98
Siniaka-Minia,4307
Siocon Resource Reserve,9
Sipapo,38
Siranggas,56
Sistema Espeleolacustre de Zapata,26
Sistema Hidrol├│gico de Soncor,672
Sittee River,373
Siwi-Utame,4
Smith River Ecological Reserve,14
Smith River Falls - Fort Halkett Park,3
Song Thanh,836
Songea Fuel,53
Sonkul,367
Sosopodon,0
South Kyrgyz,53
South Maramagambo,148
South Needles,1
South Pequop,126
South Reveille,467
Southern,19239
Southern James Bay (Moose River & Hannah Bay),168
Spanish Creek,24
Spatsizi Headwaters Park,4
Spatsizi Plateau Wilderness Park,6963
Spruce Canyon,82
St. Herman's Blue Hole,3
State Nature Sanctuary Karaagash (zoological),78
Steep Creek,97
Stewart Lake,9
Stikine River Park,2576
Stillwater,291
Stillwater Range,382
Stone Mountain Park,252
Stung Sen Core Area (Ramsar Site),64
Stung Treng,149
Subcuenca del Cotahuasi,10
Suikhent,48
Suklaphanta,65
Sulawesi Tengah,73
Sumaco Napo-Galeras,2056
Sumapaz,2217
Sun Gala Khiri,226
Sunchubamba,76
Sundarban East,254
Sundarban South,195
Sundarban West,451
Sundarbans National Park,1026
Sundarbans Reserved Forest,4498
Sungai Lalang,21
Sungai Sansiang,3
"Sungai Sia, Batu Talam, Rotan Tunggal",711
Sungai Siliawan & Sungai Siliawan (Extension),22
Sungkai,32
Sunt-Khasardag,425
Sureste de El Ingl├®s,106
Surigao Watershed Forest Reserve,10
Sururu├í,362
Sustut Park,580
Sutton Lake Gorge Wilderness Area,0
Swan River,8
Swasey Bladen,60
Swasey Mountain,125
Swegali,18
Ta Ch'Ila Park [A.K.A. Boya Lake Park],47
Ta Phraya,689
Taba Penanjung,0
Tabaconas - Namballe,321
Tabocal,9
Taksin Maharat,256
Talamanca Range-La Amistad Reserves / La Amistad National Park,5753
Taliabu,97
Tama,3408
Tambopata,2778
Tampin,6
Tamrau Utara,2811
Tandoureh,440
Tangale,1
Tangir,159
Ta├▒on Strait Protected Seascape,36
Tapanti-Macizo de la Muerte,574
Tapir Mountain,26
Tarangire National Park,2610
Tasik Besar-Tasik Metas,50
Tasik Serkap-Tasik Sarang Burung,67
Tasik Tanjung Padang,53
Tatama,435
Tatlatui Park,1032
Tatshenshini-Alsek Park,9343
Tawahka Asagni,2509
Tawai,201
Tayna,900
Tayrona,49
Tchandyr-Sumbar of Syunt-Khasardag,181
Tedo,2380
Teknaf,19
Teluk Bintuni,750
Teluk Cendrawasih,14
Teluk Lelintah,51
Tenharim Marmelos,694
Tenharim Marmelos (Gleba B),4750
Teniente Agripino Enciso,395
Tenompok,17
Teploklyuchinski,253
Terenggun,3
Terra Vermelha,68
Terraba-Sierpe,170
Tersakkan part of Syunt-Khasardag,292
Tesso Nilo,25
Tetlin,2997
Thap Lan,2048
The Cockscomb,26
The Palisade,98
The Sundarbans,881
The Wall,164
Thong Pha Phum,1232
Thousand Foot Fall,5
Thungyai - Huai Kha Khaeng Wildlife Sanctuaries,6305
Thungyai Naresuan,3695
Tide,30
Tikal,575
Tikal National Park,575
Tik├║na de Feijoal,415
Tikuna de Santo Antonio,11
Tinfunque,1513
Tinggi Raja,2
Tingo Mar├¡a,48
Tinigua,2032
Toad River Hot Springs Park,4
Tobin Range,28
Toguz-Torouss,304
Tokty State Nature Sanctuary (zoological),1601
Tolhuaca,33
Tomaniivi Nature Reserve,11
Tongomba New,30
Tongwe East,1686
Tonle Sap,2892
Tonto,5
Tor├í,506
Torey Lakes,718
Torres del Paine,6521
Tortuguero,185
Toson-Khulslai,2793
Totali,169
Touran,14936
Trapananda,23
Trincheira,17
Trombetas/Mapuera,336
Trout Lake Provincial Park (Nature Reserve Class),74
Tsagaan Shuvuut uul,325
Tsavo West,3042
Tukuna Porto Espiritual,30
Tukuna Umaria├ºu,49
Tulum,5
Tumi├ú,1241
Tunari,1
Tuni Condoriri,9
Tup├ú-Sup├®,86
Turgen uul,53
Tuya Mountains Park,180
Tuzigoot,2
Twin Peaks,373
Tyup,166
Uati-Paran├í,1292
Uaymil,891
Ubsunorskaya Kotlovina,2017
Udzungwa Mountain,1944
Ufiome,42
Ugalla G.R. (N),5142
Ugalla River,3890
Ugom Chatkal State National Natural Park,1937
Ugtam uul,456
Ugunda,1542
Ukanga,1123
Ukune,44
Ulu Lemoi,25
Ulu Muda,118
Ulu Sedili,265
Ulu Sg. Napagon,5
Ulu Telupid,64
Ulu Temburong,495
Ulu Temiang,2
Ulyankulu,817
Ulytau State Nature Sanctuary (zoological),198
Um Phang,2491
Uneiuxi,4027
Upemba,10526
Upper Fishhook,1
Upper West Little Owyhee,249
Uru-Eu-Wau-Wau,18258
Ushetu Ubagwe,309
Utria,517
Uvinza,164
Vaca,161
Val Marie Reservoir Bird Sanctuary,4
Vale do Javari,85341
Valentine,298
Valle F├®rtil,2
"Valley of Lakes (Boon Tsagaan Nuur, Taatsiin Tsagaan Nuur, Adgiin Tasgaan Nuur, Orog Nuur)",892
Valparaiso,103
Vassako-Bolo,843
Vaz,97
Venus Verdoso,0
Verkhnekoksu State Nature Sanctuary (zoological),2265
Vicente P├®rez Rosales,2499
Victoria Peak,20
Villarrica,908
Virajay,2156
Virunga,6426
Virunga National Park,6362
Vista Alegre,104
Volc├ín Bar├║,141
Volcan Isluga,1506
Volc├ín Tupungato,1288
Volcan Turrialba,3
Vu Quang,588
Vui-Uata-In,1216
Vumari,18
Vunimoli,0
Vuntut National Park Of Canada,1583
Wabakimi Provincial Park,8918
Wagura Kote,193
Wah Wah Mountains,176
Wahweap,241
Wailevu/Galoa/Soso villages,2
Waimiri-Atroari,22225
WaiWai,57
Waka,1062
Wala River,1592
Wall Canyon,192
Walnut Canyon,12
Walrus Islands State Game Sanctuary,5
War Horse,2
Washita,0
Waterton Glacier International Peace,4382
Waterton Glacier International Peace Park,4579
Waterton Lakes National Park,563
Waterton Lakes National Park Of Canada,499
Way Kambas,1264
Weber Mountain,25
Wera,3
West-Altay State Nature Reserve,557
West Bay Provincial Park (Nature Reserve Class),11
Westwater Canyon,122
White Rock Range,15
Whooping Crane Summer Range,16225
Williams Island Provincial Park (Nature Reserve Class),0
Windigo Bay Provincial Park (Nature Reserve Class),84
Windigo Point Provincial Park (Nature Reserve Class),5
Winisk River Provincial Park,1548
Wonga-Wongu├®,4235
Wongha-Wongh├®,3803
Wood-tikchik,3353
Wood Buffalo National Park,45532
Wood Buffalo National Park Of Canada,45492
Woodland Caribou Provincial Park (Wilderness Class),4633
Wrangell-St. Elias,29614
Wular Lake,3
Xe Pian,2210
Xe Xap,1530
Xilin Gol Natural Steppe Protected Area,1
Xuan Lien,256
Xuan Nha,75
Xunantunich,0
Yacuma,2213
Yakhi nuur,2485
Yanachaga-Chemill├®n,1138
Yanesha,344
Yassin,27
Yasun├¡,10232
Yaxh├í,2
Yaxh├í - Nak├║m - Naranjo,369
Yeki,873
Yellowstone,8828
Yellowstone National Park,8905
Yerba Loca,439
Yod Dom,241
Yukon Delta National Wildlife Refuge,71974
Yukon Flats,36825
Yulu,44
Yum Balam,665
Yura,401
Zagiin us,2736
Zahamena,633
Zakouma,3043
Zav1,50
Zav2,93
Zemongo,13675
Zeraf,10951
Zone Pilote de la Sangba,10600
Zuruah├ú,2381
ðöð░ÐêÐéð©ð┤ðÂÐâð╝,367
ðöð░ÐêÐéð©ð┤ðÂÐâð╝Ðüð║ð©ð╣,481
ðùð¥ÐÇð║Ðâð╗Ðî,244
ðÿÐüð║ð░ð¢ð┤ðÁÐÇð║Ðâð╗ÐîÐüð║ð©ð╣,149
ðÜð¥ð╝ð░ÐÇð¥ð▓Ðüð║ð©ð╣,160
ð£ÐâðÀð║Ðâð╗ÐîÐüð║ð©ð╣,548
ðáð¥ð╝ð©Ðé,129
ðíð░ð╣ð▓ð¥Ðéð©ð¢Ðüð║ð©ð╣,50
ðºð©ð╗ð┤ÐâÐàÐéð░ÐÇð¥ð¢Ðüð║ð©ð╣,109
ð¿ð©ÐÇð║ðÁð¢ÐéÐüð║ð©ð╣ ð©ÐüÐéð¥ÐÇð©ð║ð¥-ð┐ÐÇð©ÐÇð¥ð┤ð¢Ðïð╣ ð┐ð░ÐÇð║,317
